,Accuracy (%),Precision (%),Recall (%),F1-Score (%),AUC
Logistic Regression,97.1042471042471,98.42931937172776,97.66233766233766,98.04432855280312,0.9919148520652281
Random Forest,95.94594594594594,98.66310160427807,95.84415584415584,97.23320158102767,0.9942681378771605
XGBoost,95.75289575289575,99.1869918699187,95.06493506493506,97.08222811671088,0.9936529635777757
